N;CCAA;ÁREA TEMÁTICA;ICTS;TIPO;INSTALACIÓN;ENTIDAD TITULAR/GESTORA;CODE;COMMAPOSITION;LONGITUD;LATITUD;GEOPOSICIÓN;DIRECCIÓN;TELÉFONO;CORREO ELECTRÓNICO;WEB ICTS;WEB INSTALACIÓN;WEB MCIN;IMAGEN;ACCESO_ICTS
1;CASTILLA Y LEÓN;Ciencias socioeconómicas y humanidades;Centro Nacional de Investigación sobre la Evolución Humana (CENIEH);LOCALIZACIÓN ÚNICA;Centro Nacional de Investigación sobre la Evolución Humana (CENIEH);Consorcio Centro Nacional de Investigación sobre la Evolución Humana (CENIEH);ES.CL;18; -3.69659102024295;42.33958080362874;42.33958080362874, -3.6965910202429506;Paseo Sierra de Atapuerca, 3. 09002 Burgos.;947040800;contacto@cenieh.es;https://www.cenieh.es/;https://www.cenieh.es/;https://www.ciencia.gob.es/Organismos-y-Centros/ICTS/CienciasSocioeconomicas/CENIEH.html;https://www.ciencia.gob.es/.imaging/default/dam/WEB/No-rastreable/Im-genes-espec-ficas/ORGANISMOS-Y-CENTROS/ICTS/Ciencias-Socioecon-micas-y-Humanidades/CENIEH/CENIEH_Fachada.jpg/jcr:content.jpg;https://www.cenieh.es/infraestructura/acceso-y-oficina-de-usuario
2;PAÍS VASCO;Ciencias de la salud y biotecnología;Red Distribuida de Imagen Biomédica (ReDIB);DISTRIBUIDAS;Plataforma de Imagen Molecular y Funcional (CIC-biomaGUNE) ;Asociación Centro de Investigación Cooperativa en Biomateriales (CIC-biomaGUNE);ES.PV;18; -1.98062361542347;43.28907306621465;43.28907306621465, -1.9806236154234753;"Parque Científico y Tecnológico de Gipuzkoa
Paseo Miramón 194. 20014 Donostia, San Sebastián.
";943 00 53 36;info@redib.net;https://www.redib.net/redib;https://www.cicbiomagune.es/;https://www.ciencia.gob.es/Organismos-y-Centros/ICTS/CienciasSalud/ReDIB/CICBiomaGUNE.html;https://www.ciencia.gob.es/.imaging/default/dam/WEB/No-rastreable/Im-genes-espec-ficas/ORGANISMOS-Y-CENTROS/ICTS/Ciencias-de-la-Salud-y-Biotecnolog-a/ReDIB/ReDIB-CICBiomaGUNE/CICBiomaGUNE_Edificio.jpg/jcr:content.jpg;https://www.redib.net/solicitud-de-acceso
3;MADRID;Ciencias de la salud y biotecnología;Red Distribuida de Imagen Biomédica (ReDIB);DISTRIBUIDAS;Infraestructura de Imagen Translacional Avanzada (TRIMA);Fundación Centro Nacional de Investigaciones Cardiovasculares Carlos III (CNIC);ES.MD;19; -3.695856359671183;40.476863178929904;40.476863178929904, -3.6958563596711835;Calle Melchor Fernández Almagro, 3. 28029 Madrid.;914531200;CNIC;https://www.redib.net/redib;https://www.cnic.es/es;https://www.ciencia.gob.es/Organismos-y-Centros/ICTS/CienciasSalud/ReDIB/TRIMA-CNIC.html;https://www.ciencia.gob.es/.imaging/default/dam/WEB/No-rastreable/Im-genes-espec-ficas/ORGANISMOS-Y-CENTROS/ICTS/Ciencias-de-la-Salud-y-Biotecnolog-a/ReDIB/ReDIB-CNIC/CNIC_Fachada.jpg/jcr:content.jpg;https://www.redib.net/solicitud-de-acceso
4;MADRID;Ciencias de la salud y biotecnología;Red Distribuida de Imagen Biomédica (ReDIB);DISTRIBUIDAS;Unidad de Bio-Imagen Complutense (BioImaC);Universidad Complutense de Madrid;ES.MD;18; -3.72066592474169;40.44398597633964;40.44398597633964, -3.720665924741692;"ICTS Bioimagen Complutense
Instituto Pluridisciplinar. Paseo Juan XXIII, 1. 28040 Madrid.

";913943252;bioimac@ucm.es;https://www.redib.net/redib;https://cai.ucm.es/bioimagen/;https://www.ciencia.gob.es/Organismos-y-Centros/ICTS/CienciasSalud/ReDIB/BIOIMAC.html;https://www.ciencia.gob.es/.imaging/default/dam/WEB/No-rastreable/Im-genes-espec-ficas/ORGANISMOS-Y-CENTROS/ICTS/Ciencias-de-la-Salud-y-Biotecnolog-a/ReDIB/ReDIB-BIOIMAC/BIOIMAC_Edificio.jpg/jcr:content.jpg;https://www.redib.net/solicitud-de-acceso
5;COMUNIDAD VALENCIANA;Ciencias de la salud y biotecnología;Red Distribuida de Imagen Biomédica (ReDIB);DISTRIBUIDAS;Unidad de Imagen Médica del Hospital Universitario y Politécnico La Fe (Imaging La Fe);Fundación para la Investigación del Hospital Universitario La Fe;ES.VC;19; -0.375960122096904;39.443681381437194;39.443681381437194, -0.3759601220969044;Avinguda de Fernando Abril Martorell, 106. 46026 Valencia.;961 24 40 09;gibi230@iislafe.es;https://www.redib.net/redib;https://www.acim.lafe.san.gva.es/acim;https://www.ciencia.gob.es/Organismos-y-Centros/ICTS/CienciasSalud/ReDIB/ImagingLaFe.html;https://www.ciencia.gob.es/.imaging/default/dam/WEB/No-rastreable/Im-genes-espec-ficas/ORGANISMOS-Y-CENTROS/ICTS/Ciencias-de-la-Salud-y-Biotecnolog-a/ReDIB/ReDIB-Imaging-La-Fe/ImagingLaFE_Edificio.jpeg/jcr:content.jpeg;https://www.redib.net/solicitud-de-acceso
6;MADRID;Ciencias de la salud y biotecnología;Red de Laboratorios de Alta Seguridad Biológica (RLASB);DISTRIBUIDAS;"
Laboratorio de Alta Seguridad Biológica del Centro de Investigación en Sanidad Animal (CISA)";Instituto Nacional de Investigación y Tecnología Agraria y Alimentaria (INIA);ES.MD;18; -3.44572845766979;40.64406454279802;40.64406454279802, -3.4457284576697997;Carretera Algete-El Casar de Talamanca, Km. 8,1. 28130 Valdeolmos, Madrid.;;http://www.rlasb.es/contacto/;http://www.rlasb.es/;https://www.inia.es/Pages/Home.aspx;https://www.ciencia.gob.es/Organismos-y-Centros/ICTS/CienciasSalud/RLASB/CISA.html;https://www.ciencia.gob.es/.imaging/default/dam/WEB/No-rastreable/Im-genes-espec-ficas/ORGANISMOS-Y-CENTROS/ICTS/R-LABS/RLASB---CISA/CISA_Edificio.jpg/jcr:content.jpg;http://www.rlasb.es/acceso-abierto/
7;CATALUÑA;Ciencias de la salud y biotecnología;Red de Laboratorios de Alta Seguridad Biológica (RLASB);DISTRIBUIDAS;Laboratorio de Alta Seguridad Biológica del Centro de Investigación en Sanidad Animal (CRESA);Fundaciò Centre de Recerca en Sanitat Animal (CRESA);ES.CT;18; 2.096654262573151;41.50503977383645;41.50503977383645, 2.0966542625731517;Edifici CReSA. Campus UAB Universitat Autònoma de Barcelona, 08193. Cerdanyola del Vallès, Barcelona.;;http://www.rlasb.es/contacto/;http://www.rlasb.es/;http://www.cresa.es/cresa3/default.asp;https://www.ciencia.gob.es/Organismos-y-Centros/ICTS/CienciasSalud/RLASB/CReSA.html;https://www.ciencia.gob.es/.imaging/default/dam/WEB/No-rastreable/Im-genes-espec-ficas/ORGANISMOS-Y-CENTROS/ICTS/R-LABS/RLABS----CReSA-/CRESA_Edificio.jpg/jcr:content.jpg;http://www.rlasb.es/acceso-abierto/
8;CATALUÑA;Ciencias de la salud y biotecnología;Red de Laboratorios de Resonancia Magnética Nuclear de Biomoléculas (R-LRB);DISTRIBUIDAS;"Laboratorio de Resonancia Magnética Nuclear de Barcelona (LRB)
";Universitat de Barcelona;ES.CT;18; 2.117286894500906;41.38215393338564;41.38215393338564, 2.1172868945009062;"Parque Científico de Barcelona. Campus Diagonal UB
Baldiri Reixac, 10. 08028 Barcelona.

";93 403 44 66;r-lrb@rmn.ub.edu;http://www.rmn.ub.es/r-lrb/;http://www.rmn.ub.es/r-lrb/;https://www.ciencia.gob.es/Organismos-y-Centros/ICTS/CienciasSalud/RLBR/LRB.html;https://www.ciencia.gob.es/.imaging/default/dam/WEB/No-rastreable/Im-genes-espec-ficas/ORGANISMOS-Y-CENTROS/ICTS/Ciencias-de-la-Salud-y-Biotecnolog-a/R-LRB/R-LRB-LRB/R-LRB-Laboratorio-de-RMN-de-la-Universitat-de-Barcelona-LRB.jpg/jcr:content.jpg;https://www.rmn.ub.es/r-lrb/
9;MADRID;Ciencias de la salud y biotecnología;Red de Laboratorios de Resonancia Magnética Nuclear de Biomoléculas (R-LRB);DISTRIBUIDAS;"Laboratorio de Resonancia Magnética Nuclear Manuel Rico (LMR) 
";Agencia Estatal Consejo Superior de Investigaciones Científicas (CSIC);ES.MD;18; -3.68755966034745;40.44186734219212;40.44186734219212, -3.687559660347453;Instituto de Química Física Rocasolano. Calle Serrano, 119. 28006 Madrid.;917459500;r-lrb@rmn.ub.edu;http://www.rmn.ub.es/r-lrb/;https://lmr.csic.es/es/;https://www.ciencia.gob.es/Organismos-y-Centros/ICTS/CienciasSalud/RLBR/LMR.html;https://www.ciencia.gob.es/.imaging/default/dam/WEB/No-rastreable/Im-genes-espec-ficas/ORGANISMOS-Y-CENTROS/ICTS/Ciencias-de-la-Salud-y-Biotecnolog-a/R-LRB/R-LRB-LMR/R-LRB-Laboratorio-de-RMN-Manuel-Rico-LMR.jpg/jcr:content.jpg;https://www.rmn.ub.es/r-lrb/
10;PAÍS VASCO;Ciencias de la salud y biotecnología;Red de Laboratorios de Resonancia Magnética Nuclear de Biomoléculas (R-LRB);DISTRIBUIDAS;"Laboratorio de Resonancia Magnética Nuclear de Euskadi (LRE)
";Asociación Centro de Investigación Cooperativa en Biociencias (CIC bioGUNE);ES.PV;18; -2.86795809248982;43.29464244147439;43.29464244147439, -2.867958092489827;"Parque Tecnológico y Científico de Bizkaia, Ed.800. 48160 Derio, Vizcaya.

"; 934 034 466;r-lrb@rmn.ub.edu;http://www.rmn.ub.es/r-lrb/;http://www.rmn.ub.es/r-lrb/;https://www.ciencia.gob.es/Organismos-y-Centros/ICTS/CienciasSalud/RLBR/LRE.html;https://www.ciencia.gob.es/.imaging/default/dam/WEB/No-rastreable/Im-genes-espec-ficas/ORGANISMOS-Y-CENTROS/ICTS/Ciencias-de-la-Salud-y-Biotecnolog-a/R-LRB/R-LRB-LRE/R-LRB-Laboratorio-de-RMN-de-Euskadi-LRE.jpg/jcr:content.jpg;https://www.rmn.ub.es/r-lrb/
11;CATALUÑA;Ciencias de la salud y biotecnología;Infraestructura de Tecnologías Ómicas (OMICSTECH);DISTRIBUIDAS;Plataforma de Secuenciación del Centro Nacional de Análisis Genómico (CNAG-CRG) y la Plataforma de Proteómica del Centro de Regulación Genómica (CRG);"Centro de Regulación Genómica (CRG)
Centro Nacional de Análisis Genómico (CNAG)";ES.CT;18; 2.116509079977371;41.38200432900618;41.38200432900618, 2.1165090799773716;Parque Científico de Barcelona Torre I. Calle Baldiri Reixac, 4. 08028 Barcelona.;93 4020542;genomics@omicstech-icts.org;https://www.omicstech.es/;https://www.cnag.crg.eu/;https://www.ciencia.gob.es/Organismos-y-Centros/ICTS/CienciasSalud/OMICSTECH/CNAG-CRG.html;https://www.ciencia.gob.es/.imaging/default/dam/WEB/No-rastreable/Im-genes-espec-ficas/ORGANISMOS-Y-CENTROS/ICTS/Ciencias-de-la-Salud-y-Biotecnolog-a/OmicsTech/OmicsTech-CNAG/CNAG_Laboratorio2.jpg/jcr:content.jpg;https://www.omicstech.es/access/access
12;CATALUÑA;Ciencias de la salud y biotecnología;Infraestructura de Tecnologías Ómicas (OMICSTECH);DISTRIBUIDAS;Plataforma de Metabolómica del Centro de Ciencias Ómicas (COS);Universitat Rovira i Virgili;ES.CT;19; 1.1204839067476506;41.146283847894956;41.146283847894956, 1.1204839067476506;Avenida Universitat, 1. 43204 Reus.;977 300 431;multiomics@omicstech-icts.org;https://www.omicstech.es/;https://omicscentre.com/;https://www.ciencia.gob.es/Organismos-y-Centros/ICTS/CienciasSalud/OMICSTECH/COS.html;https://www.ciencia.gob.es/.imaging/default/dam/WEB/No-rastreable/Im-genes-espec-ficas/ORGANISMOS-Y-CENTROS/ICTS/Ciencias-de-la-Salud-y-Biotecnolog-a/OmicsTech/OmicsTech-COS/COS_Edificio.jpg/jcr:content.jpg;https://www.omicstech.es/access/access
14;MADRID;Ciencias de la salud y biotecnología;Infraestructura integrada de producción y caracterización de nanomateriales, biomateriales y sistemas en biomedicina (NANBIOSIS);DISTRIBUIDAS;Plataformas de Bioingeniería, Biomateriales y Nanomedicina (CIBER);Consorcio Centro de Investigación Biomédica en Red (CIBER);ES.MD;18; -3.69256779915069;40.47899514947208;40.47899514947208, -3.692567799150692;"Instituto de Salud Carlos III
Avenida Monforte de Lemos 3-5, pabellón 11, planta 0. 28029 Madrid.

";620107537;ciber-bbn@nanbiosis.es;https://www.nanbiosis.es/;https://www.ciber-bbn.es/;https://www.ciencia.gob.es/Organismos-y-Centros/ICTS/CienciasSalud/NANBIOSIS/CIBER-BNN.html;https://www.ciencia.gob.es/.imaging/default/dam/WEB/No-rastreable/Im-genes-espec-ficas/ORGANISMOS-Y-CENTROS/ICTS/Ciencias-de-la-Salud-y-Biotecnolog-a/NANBIOSIS/NANBIOSIS-CIBER-BNN/CIBER_Logo.png/jcr:content.png;https://www.nanbiosis.es/order-request/
15;EXTREMADURA;Ciencias de la salud y biotecnología;Infraestructura integrada de producción y caracterización de nanomateriales, biomateriales y sistemas en biomedicina (NANBIOSIS);DISTRIBUIDAS;Infraestructura Preclínica y de Desarrollo de Tecnologías de Mínima Invasión (CCMIJU);Centro de Cirugía de Mínima Invasión Jesús Usón (CCMIJU);ES.EX;18; -6.32987081533335;39.47405770460942;39.47405770460942, -6.329870815333358;Carretera N-521, km. 41,8. 10071 Cáceres. ;927 18 10 32;ccmiju@nanbiosis.es;https://www.nanbiosis.es/;http://www.ccmijesususon.com/;https://www.ciencia.gob.es/Organismos-y-Centros/ICTS/CienciasSalud/NANBIOSIS/CCMIJU.html;https://www.ciencia.gob.es/.imaging/default/dam/WEB/No-rastreable/Im-genes-espec-ficas/ORGANISMOS-Y-CENTROS/ICTS/Ciencias-de-la-Salud-y-Biotecnolog-a/NANBIOSIS/NANBIOSIS-CCMIJU/CCMI_Edificio.jpg/jcr:content.jpg;https://www.nanbiosis.es/order-request/
16;ANDALUCÍA;Ciencias de la salud y biotecnología;Infraestructura integrada de producción y caracterización de nanomateriales, biomateriales y sistemas en biomedicina (NANBIOSIS);DISTRIBUIDAS;Centro Andaluz de Nanomedicina y Biotecnología (BIONAND) ;Fundación Pública Andaluza Progreso y Salud;ES.AN;18; -4.55727947120957;36.73780102953487;36.73780102953487, -4.557279471209576;"Parque Tecnológico de Andalucía 
Calle Severo Ochoa, 35 P. 29590 Campanillas, Málaga.";951 44 02 60;info@ibima.eu;https://www.nanbiosis.es/;https://www.ibima.eu/tag/bionand/;https://www.ciencia.gob.es/Organismos-y-Centros/ICTS/CienciasSalud/NANBIOSIS/BIONAND.html;https://www.ciencia.gob.es/.imaging/default/dam/WEB/No-rastreable/Im-genes-espec-ficas/ORGANISMOS-Y-CENTROS/ICTS/Ciencias-de-la-Salud-y-Biotecnolog-a/NANBIOSIS/NANBIOSIS-BIONAND/IBIMA_Edificio.jpg/jcr:content.jpg;https://www.nanbiosis.es/order-request/
17;CATALUÑA (SEDE);Ciencias del mar, vida y tierra;Bases Antárticas Españolas (BAES);DISTRIBUIDAS;Base Antártica Juan Carlos I (BAE-JCI);Agencia Estatal Consejo Superior de Investigaciones Científicas (CSIC);ES.CT;19; -60.61683867581426;-62.91615826555224;-62.91615826555224, -60.616838675814265;"CMIMA. Passeig Marítim de la Barceloneta, 37-49.  08003. Barcelona.
 	";93 230 95 00;info@utm.csic.es;http://www.utm.csic.es/es/instalaciones/jci;http://www.utm.csic.es/es/instalaciones/jci;https://www.ciencia.gob.es/Organismos-y-Centros/ICTS/CienciasMar/BAE/JCI.html;https://www.ciencia.gob.es/.imaging/default/dam/WEB/No-rastreable/Im-genes-espec-ficas/ORGANISMOS-Y-CENTROS/ICTS/Ciencias-del-Mar-Vida-y--la-Tierra/BAE/BAE-JCI/BAE-JCI_Base.jpg/jcr:content.jpg;https://www.ciencia.gob.es/Organismos-y-Centros/ICTS/CienciasMar/BAE.html
18;MADRID (SEDE);Ciencias del mar, vida y tierra;Bases Antárticas Españolas (BAES);DISTRIBUIDAS;Base Antártica Gabriel de Castilla (BAE-GdC);Ministerio de Defensa (Ejército de Tierra - CSIC);ES.MD;20; -60.61678803292409;-62.912686105450106;-62.912686105450106, -60.61678803292409;Cuartel General del Ejército. Calle Prim, 6. 28004 Madrid.;;;https://ejercito.defensa.gob.es/unidades/Antartica/antartica/index.html;https://ejercito.defensa.gob.es/unidades/Antartica/antartica/index.html;https://www.ciencia.gob.es/Organismos-y-Centros/ICTS/CienciasMar/BAE/GdC.html;https://www.ciencia.gob.es/.imaging/default/dam/WEB/No-rastreable/Im-genes-espec-ficas/ORGANISMOS-Y-CENTROS/ICTS/Ciencias-del-Mar-Vida-y--la-Tierra/BAE/BAE-GdC/GDC_Base.jpg/jcr:content.jpg;https://www.ciencia.gob.es/Organismos-y-Centros/ICTS/CienciasMar/BAE.html
19;MURCIA;Ciencias del mar, vida y tierra;Flota Oceanográfica Española (FLOTA);DISTRIBUIDAS;Buque de Investigación Oceanográfica (BIO) Hespérides;Ministerio de Defensa (Armada- CSIC);ES.MU;18; -0.98859322245286;37.60045313508097;37.60045313508097, -0.9885932224528606;"Secretaría de la COCSABO
Paseo de la Castellana, 162. 28046 Madrid.";;cocsabo@ciencia.gob.es;https://armada.defensa.gob.es/ArmadaPortal/page/Portal/ArmadaEspannola/buquessuperficie/prefLang-es/12buques-investigacion-oceanografia--01buque-investigacion-oceanografica-hesperides;https://armada.defensa.gob.es/ArmadaPortal/page/Portal/ArmadaEspannola/buquessuperficie/prefLang-es/12buques-investigacion-oceanografia--01buque-investigacion-oceanografica-hesperides;https://www.ciencia.gob.es/Organismos-y-Centros/ICTS/CienciasMar/FLOTA/BIO-Hesperides.html;https://www.ciencia.gob.es/.imaging/default/dam/WEB/No-rastreable/Im-genes-espec-ficas/ORGANISMOS-Y-CENTROS/ICTS/Ciencias-del-Mar-Vida-y--la-Tierra/FLOTA/FLOTA-BIOHesp-rides/BIOHesperides.jpg/jcr:content.jpg;https://www.ciencia.gob.es/Ministerio/Mision-y-organizacion/Organismos-consultivos/COCSABO.html
20;CATALUÑA;Ciencias del mar, vida y tierra;Flota Oceanográfica Española (FLOTA);DISTRIBUIDAS;Flota CSIC Sede Central;Agencia Estatal Consejo Superior de Investigaciones Científicas (CSIC);ES.CT;18; 2.195939053843757;41.38532967275655;41.38532967275655, 2.1959390538437575;"
CMIMA. Passeig Marítim de la Barceloneta, 37-49. 08003 Barcelona. 
 	";93 230 95 00;cocsabo@ciencia.gob.es;http://www.utm.csic.es/es/instalaciones/;http://www.utm.csic.es/es/instalaciones/;https://www.ciencia.gob.es/Organismos-y-Centros/ICTS/CienciasMar/FLOTA/B-O-CSIC.html;https://www.ciencia.gob.es/.imaging/default/dam/WEB/No-rastreable/Im-genes-espec-ficas/ORGANISMOS-Y-CENTROS/ICTS/Ciencias-del-Mar-Vida-y--la-Tierra/FLOTA/FLOTA-CSIC/UTM_Laboratorio.jpg/jcr:content.jpg;https://www.ciencia.gob.es/Ministerio/Mision-y-organizacion/Organismos-consultivos/COCSABO.html
21;GALICIA;Ciencias del mar, vida y tierra;Flota Oceanográfica Española (FLOTA);DISTRIBUIDAS;Flota CSIC-IEO Sede Atlántica;"Agencia Estatal Consejo Superior de Investigaciones Científicas (CSIC). Instituo Español de Oceanografía (IEO)
";ES.GA;19; -8.734033815450067;42.233912984550486;42.233912984550486, -8.734033815450067;" Avenida Beiramar, 29. 36202 Vigo.
 	"; 986 211 041;cocsabo@ciencia.gob.es;http://www.ieo.es/es/flota;http://www.ieo.es/es/flota;https://www.ciencia.gob.es/Organismos-y-Centros/ICTS/CienciasMar/FLOTA/B-O-IEO.html;https://www.ciencia.gob.es/.imaging/default/dam/WEB/No-rastreable/Im-genes-espec-ficas/ORGANISMOS-Y-CENTROS/ICTS/Ciencias-del-Mar-Vida-y--la-Tierra/FLOTA/FLOTA-CSIC-IEO/imagenDecorativa-ICTS-FlotaIEO-img01.jpg/jcr:content.jpg;https://www.ciencia.gob.es/Ministerio/Mision-y-organizacion/Organismos-consultivos/COCSABO.html
27;REGIÓN DE MURCIA;Ciencias del mar, vida y tierra;Infraestructura para el Cultivo del Atún Rojo (ICAR);LOCALIZACIÓN ÚNICA;Infraestructura para el Cultivo del Atún Rojo (ICAR);Instituto Español de Oceanografía (IEO);ES.MU;18; -1.23416868838549;37.57714207490181;37.57714207490181, -1.2341686883854912;Carretera de la Azohía, s/n. 30860 Puerto de Mazarrón, Murcia.;;;http://icar.ieo.es/;http://icar.ieo.es/;https://www.ciencia.gob.es/Organismos-y-Centros/ICTS/CienciasMar/ICAR.html;https://www.ciencia.gob.es/.imaging/default/dam/WEB/No-rastreable/Im-genes-espec-ficas/ORGANISMOS-Y-CENTROS/ICTS/Ciencias-del-Mar-Vida-y--la-Tierra/ICAR/imagenDecorativa-ICTS-ICAR-img02.jpg/jcr:content.jpg;http://icar.ieo.es/access/
28;ISLAS CANARIAS;Ciencias del mar, vida y tierra;Plataforma Oceánica de Canarias (PLOCAN);LOCALIZACIÓN ÚNICA;Plataforma Oceánica de Canarias (PLOCAN);Consorcio Plataforma Oceánica de Canarias (PLOCAN);ES.CN;19; -15.36869235792888;27.992845289862387;27.992845289862387, -15.36869235792888;Carretera de Taliarte, s/n. 35200 Telde, Gran Canaria.;928 13 44 14;info@plocan.eu;https://www.plocan.eu/;https://www.plocan.eu/;https://www.ciencia.gob.es/Organismos-y-Centros/ICTS/CienciasMar/PLOCAN.html;https://www.ciencia.gob.es/.imaging/default/dam/WEB/No-rastreable/Im-genes-espec-ficas/ORGANISMOS-Y-CENTROS/ICTS/Ciencias-del-Mar-Vida-y--la-Tierra/PLOCAN/imagenDecorativa-ICTS-PLOCAN-img03.jpg/jcr:content.jpg;https://www.plocan.eu/accesos/
29;ANDALUCÍA;Ciencias del mar, vida y tierra;Reserva Biológica de Doñana (RBD);LOCALIZACIÓN ÚNICA;Reserva Biológica de Doñana (RBD);Agencia Estatal Consejo Superior de Investigaciones Científicas (CSIC);ES.AN;18; -6.00600220003214;37.41225452388651;37.41225452388651, -6.006002200032143;Calle Americo Vespucio, 26. 41092 Isla de la Cartuja, Sevilla.;954 466700;informacion@ebd.csic.es;https://www.ciencia.gob.es/site-web/Organismos-y-Centros/ICTS/CienciasMar/RBD.html;https://www.ciencia.gob.es/site-web/Organismos-y-Centros/ICTS/CienciasMar/RBD.html;https://www.ciencia.gob.es/Organismos-y-Centros/ICTS/CienciasMar/RBD.html;https://www.ciencia.gob.es/.imaging/default/dam/WEB/No-rastreable/Im-genes-espec-ficas/ORGANISMOS-Y-CENTROS/ICTS/Ciencias-del-Mar-Vida-y--la-Tierra/RBD/EstacionBiologicaDo-ana_Edificio.jpg/jcr:content.jpg;http://icts.ebd.csic.es/en/web/icts-ebd/how-to-do-research-in-donana
30;ISLAS BALEARES;Ciencias del mar, vida y tierra;Sistema de Observación Costero de las Illes Balears (SOCIB);LOCALIZACIÓN ÚNICA;"Sistema de Observación Costero
de las Illes Balears (SOCIB)";Consorcio Sistema de Observación Costero de las Illes Balears (SOCIB);ES.PM;19; 2.6319551000126147;39.635984540109455;39.635984540109455, 2.6319551000126147;Parc Bit, Naorte, Bloc A, 2º, puerta 3. 07121 Palma de Mallorca.;971 439 998;info_at@socib.es;https://www.socib.es/;https://www.socib.es/;https://www.ciencia.gob.es/Organismos-y-Centros/ICTS/CienciasMar/SOCIB.html;https://www.ciencia.gob.es/.imaging/default/dam/WEB/No-rastreable/Im-genes-espec-ficas/ORGANISMOS-Y-CENTROS/ICTS/Ciencias-del-Mar-Vida-y--la-Tierra/SOCIB/imagenDecorativa-ICTS-SOCIB-img04.jpg/jcr:content.jpg;https://www.socib.es/?seccion=competitiveAccess&language=es_ES
31;MADRID;Energía;Laboratorio Nacional de Fusión (LNF);LOCALIZACIÓN ÚNICA;Laboratorio Nacional de Fusión (LNF);Centro de Investigaciones Energéticas, Medioambientales y Tecnológicas (CIEMAT);ES.MD;18; -3.72877659997022;40.45436170282057;40.45436170282057, -3.728776599970226;CIEMAT. Edif. 66. Avda. Complutense, 40. 28040 Madrid.;913 466 159;isabel.garcia-cortes@ciemat.es;http://www.fusion.ciemat.es/inicio/;http://www.fusion.ciemat.es/inicio/;https://www.ciencia.gob.es/Organismos-y-Centros/ICTS/Energia/LNF.html;https://www.ciencia.gob.es/.imaging/default/dam/WEB/No-rastreable/Im-genes-espec-ficas/ORGANISMOS-Y-CENTROS/ICTS/Energ-a/LNF/imagenDecorativa-ICTS-LNF-img10-model.jpg/jcr:content.jpg;http://www.fusion.ciemat.es/acceso-instalaciones-competitivas/
32;ANDALUCÍA;Energía;Plataforma Solar de Almería (PSA);LOCALIZACIÓN ÚNICA;Plataforma Solar de Almería (PSA);Centro de Investigaciones Energéticas, Medioambientales y Tecnológicas (CIEMAT);ES.AN;18; -2.35841035767131;37.09543053162827;37.09543053162827, -2.358410357671314;Carretera de Senés, km 4.5. 04200 Tabernas, Almería.;950 387 800;info@psa.es;http://www.psa.es/es/index.php;http://www.psa.es/es/index.php;https://www.ciencia.gob.es/Organismos-y-Centros/ICTS/Energia/PSA.html;https://www.ciencia.gob.es/.imaging/default/dam/WEB/No-rastreable/Im-genes-espec-ficas/ORGANISMOS-Y-CENTROS/ICTS/Energ-a/PSA/imagenDecorativa-ICTS-PSA-img01-Vista_general_CSP_D.jpg/jcr:content.jpg;http://www.psa.es/es/gen/acceso/index.php
33;CANTABRIA;Ingeniería;Infraestructura Distribuida de Ingeniería Marítima y Oceánica (MARHIS);DISTRIBUIDAS;Gran Tanque de Ingeniería Marítima de Cantabria (GTIM);Fundación Instituto de Hidráulica Ambiental;ES.CB;18; -3.87512614138830;43.45507011764571;43.45507011764571, -3.875126141388304;Calle Isabel Torres, 15. 39011 Santander.;;info@ictsmarhis.com;https://www.ictsmarhis.com/en;https://www.ictsmarhis.com/en;https://www.ciencia.gob.es/Organismos-y-Centros/ICTS/Ingenieria/MARHIS/GTIM.html;https://www.ciencia.gob.es/.imaging/default/dam/WEB/No-rastreable/Im-genes-espec-ficas/ORGANISMOS-Y-CENTROS/ICTS/Ingenier-a/MARHIS---Gran-Tanque-de-Ingenier-a-Mar-tima-de-Cantabria--GTIM-CCOB-/imagenDecorativa-ICTS-MARHIS-GTIM_ccob-img03.jpg/jcr:content.jpg;https://www.ictsmarhis.com/en/access-program
34;CATALUÑA;Ingeniería;Infraestructura Distribuida de Ingeniería Marítima y Oceánica (MARHIS);DISTRIBUIDAS;Infraestructuras Integradas Costeras para Experimentación y Simulación (iCIEM);Universitat Politècnica de Catalunya;ES.CT;16; 2.1125238739616;41.388154639885;41.388154639885, 2.1125238739616266;"Campus Diagonal Nord. Edifici D1
Carrer Jordi Girona, 1-3. 08034 Barcelona.
";93 401 64 68;info.lim@upc.edu;https://www.ictsmarhis.com/en;https://lim.upc.edu/ca;https://www.ciencia.gob.es/Organismos-y-Centros/ICTS/Ingenieria/MARHIS/iCIEM.html;https://www.ciencia.gob.es/.imaging/default/dam/WEB/No-rastreable/Im-genes-espec-ficas/ORGANISMOS-Y-CENTROS/ICTS/Ingenier-a/MARHIS-iCIEM/imagenDecorativa-ICTS-MARHIS-iCIEM-img09.jpg/jcr:content.jpg;https://www.ictsmarhis.com/en/access-program
35;PAÍS VASCO;Ingeniería;Infraestructura Distribuida de Ingeniería Marítima y Oceánica (MARHIS);DISTRIBUIDAS;Plataforma de Energía marina de Vizcaya (BiMEP);Biscay Marine Energy Platform, S.A.;ES.PV;18; -2.89535883076243;43.43227193751144;43.43227193751144, -2.895358830762432;Calle Atalaia, 2, bajo. 48620 Armintza, Vizcaya.; 94 687 98 35;info@ictsmarhis.com;https://www.ictsmarhis.com/en;https://www.bimep.com/;https://www.ciencia.gob.es/Organismos-y-Centros/ICTS/Ingenieria/MARHIS/BiMEP.html;https://www.ciencia.gob.es/.imaging/default/dam/WEB/No-rastreable/Im-genes-espec-ficas/ORGANISMOS-Y-CENTROS/ICTS/Ingenier-a/MARHIS-BiMEP/BIMEP_Infraestructura.jpg/jcr:content.jpg;https://www.ictsmarhis.com/en/access-program
36;MADRID;Ingeniería;Infraestructura Distribuida de Ingeniería Marítima y Oceánica (MARHIS);DISTRIBUIDAS;Centro de Experiencias Hidrodinámicas de El Pardo (CEHIPAR);Instituto Nacional de Técnica Aeroespacial (INTA);ES.MD;19; -3.778320188505713;40.524449706661066;40.524449706661066, -3.7783201885057136;Carretera de la Sierra, 28048 Madrid.;913 762 100;info@ictsmarhis.com;https://www.ictsmarhis.com/en;https://www.inta.es/ICTS-CEHIPAR/es/inicio/;https://www.ciencia.gob.es/Organismos-y-Centros/ICTS/Ingenieria/MARHIS/CEHIPAR.html;https://www.ciencia.gob.es/.imaging/default/dam/WEB/No-rastreable/Im-genes-espec-ficas/ORGANISMOS-Y-CENTROS/ICTS/Ingenier-a/MARHIS-CEHIPAR/CEHIPAR_Instalacion2.jpg/jcr:content.jpg;https://www.ictsmarhis.com/en/access-program
37;ISLAS CANARIAS;Ingeniería;Infraestructura Integrada de Experimentación Marítima (MARHIS);DISTRIBUIDAS;Banco de ensayos de la Plataforma Oceánica de Canarias (PLOCAN);Consorcio Plataforma Oceánica de Canarias (PLOCAN);ES.CN;18; -15.3687096464285;27.99224245639438;27.99224245639438, -15.368709646428547;"Carretera de Taliarte, s/n. 35200 Telde, Gran Canaria.
";928 13 44 14;info@plocan.eu ;https://www.ictsmarhis.com/en;https://www.plocan.eu/;https://www.ciencia.gob.es/Organismos-y-Centros/ICTS/CienciasMar/PLOCAN.html;https://www.ciencia.gob.es/.imaging/default/dam/WEB/No-rastreable/Im-genes-espec-ficas/ORGANISMOS-Y-CENTROS/ICTS/Ingenier-a/MARHIS-PLOCAN-TS/PLOCAN_Marhis.jpg/jcr:content.jpg;https://www.ictsmarhis.com/en/access-program
38;ANDALUCÍA;Materiales;Infraestructura de aplicaciones basadas en aceleradores (IABA);DISTRIBUIDAS;Centro Nacional de Aceleradores (CNA);Centro Mixto CNA (Universidad de Sevilla, Junta de Andalucía, CSIC);ES.AN;18; -6.00317971349530;37.41037586932821;37.41037586932821, -6.003179713495301;Calle Tomás Alva Edison, 7. 41092 Sevilla.;954460553;cna@us.es;http://cna.us.es/index.php/es/;http://cna.us.es/index.php/es/;https://www.ciencia.gob.es/Organismos-y-Centros/ICTS/Materiales/Aceleradores/CNA.html;https://www.ciencia.gob.es/.imaging/default/dam/WEB/No-rastreable/Im-genes-espec-ficas/ORGANISMOS-Y-CENTROS/ICTS/Materiales/IABA/IABA-CNA/CNA_Edificio.jpg/jcr:content.jpg;https://institucionales.us.es/solicitudescna/index.php/es/
39;MADRID;Materiales;Infraestructura de aplicaciones basadas en aceleradores (IABA);DISTRIBUIDAS;Centro de Micro-Análisis de Materiales (CMAM);"Universidad Autónoma de Madrid (UAM)
";ES.MD;19; -3.691013319190370;40.548904279252135;40.548904279252135, -3.6910133191903705;"Universidad Autónoma de Madrid. Centro de Microanálisis de Materiales
Calle Faraday, 3. 28049 Madrid.


";91 497 3621;innovation.cmam@uam.es;https://www.cmam.uam.es/es/inicio/;https://www.cmam.uam.es/es/inicio/;https://www.ciencia.gob.es/Organismos-y-Centros/ICTS/Materiales/Aceleradores/CMAM.html;https://www.ciencia.gob.es/.imaging/default/dam/WEB/No-rastreable/Im-genes-espec-ficas/ORGANISMOS-Y-CENTROS/ICTS/Materiales/IABA/IABA-CNAM/CMAM_Laboratorio.jpg/jcr:content.jpg;https://www.cmam.uam.es/es/usuarios/acceso-al-cmam/
40;CASTILLA Y LEÓN;Materiales;Sistemas Láser del Centro de Láseres Pulsados (CLPU);LOCALIZACIÓN ÚNICA;Centro de Láseres Pulsados (CLPU);Consorcio Centro de Láseres Pulsados (CLPU);ES.CL;18; -5.72011824560348;40.99558237117364;40.99558237117364, -5.720118245603489;"Edificio M5, Parque Científico
Calle Adaja, 8. 37185 Villamayor, Salamanca.
";923 338 121;info@clpu.es;https://www.clpu.es/;https://www.clpu.es/;https://www.ciencia.gob.es/Organismos-y-Centros/ICTS/Materiales/CLPU.html;https://www.ciencia.gob.es/.imaging/default/dam/WEB/No-rastreable/Im-genes-espec-ficas/ORGANISMOS-Y-CENTROS/ICTS/Materiales/CLPU/Centro-de-Laseres-Pulsados-Ultracortos-Ultraintensos.jpg/jcr:content.jpg;https://www.clpu.es/facilities/servicerequest/
41;MADRID;Materiales;Infraestructura Integrada de Microscopía Electrónica de Materiales (ELECMI);DISTRIBUIDAS;Centro Nacional de Microscopía Electrónica (CNME);Universidad Complutense de Madrid/ Fundación General UCM;ES.MD;18; -3.72410121734311;40.45087872134511;40.45087872134511, -3.724101217343113;"Facultad de Químicas
Avenida Complutense, s/n. 28040 Madrid.";91 394 4190;administracion@cnme.es;https://elecmi.es/;https://cnme.es/;https://www.ciencia.gob.es/Organismos-y-Centros/ICTS/Materiales/ELECMI/CNME.html;https://www.ciencia.gob.es/.imaging/default/dam/WEB/No-rastreable/Im-genes-espec-ficas/ORGANISMOS-Y-CENTROS/ICTS/Materiales/ELECMI/ELECMI_CNME/CNME_Edificio.jpg/jcr:content.jpg;https://elecmi.es/protocolo-de-acceso/
42;ARAGÓN;Materiales;Infraestructura Integrada de Microscopía Electrónica de Materiales (ELECMI);DISTRIBUIDAS;Laboratorio de Microscopías Avanzadas (LMA);Universidad de Zaragoza;ES.AR;18; -0.88798379202319;41.68465688200918;41.68465688200918, -0.8879837920231968;"Edificio I+D, Campus Río Ebro
Calle Mariano Esquillor, s/n. 50018 Zaragoza.";976 762 980;lma@unizar.es;https://elecmi.es/;https://lma.unizar.es/;https://www.ciencia.gob.es/Organismos-y-Centros/ICTS/Materiales/ELECMI/LMA.html;https://www.ciencia.gob.es/.imaging/default/dam/WEB/No-rastreable/Im-genes-espec-ficas/ORGANISMOS-Y-CENTROS/ICTS/Materiales/ELECMI/ELECMI-LMA/LMA-instalaciones.jpg/jcr:content.jpg;https://elecmi.es/protocolo-de-acceso/
43;CATALUÑA;Materiales;Infraestructura Integrada de Microscopía Electrónica de Materiales (ELECMI);DISTRIBUIDAS;Unidad de Microscopía Electrónica Aplicada a Materiales (UMEAP);Universidad de Barcelona;ES.CT;18; 2.118638696172457;41.38511057388669;41.38511057388669, 2.1186386961724573;"Centres Científics i Tecnològics ,Universitat de Barcelona
Carrer Lluís Solé i Sabaris, 1-3. 08028 Barcelona."; 934 021 695;elecmiub@ccit.ub.edu;https://elecmi.es/;http://www.ccit.ub.edu/ES/home.html;https://www.ciencia.gob.es/Organismos-y-Centros/ICTS/Materiales/ELECMI/UMEAP.html;https://www.ciencia.gob.es/.imaging/default/dam/WEB/No-rastreable/Im-genes-espec-ficas/ORGANISMOS-Y-CENTROS/ICTS/Materiales/ELECMI/ELECMI-UMEAP/UMEAP_JEM2010Fs.jpg/jcr:content.jpg;https://elecmi.es/protocolo-de-acceso/
44;ANDALUCÍA;Materiales;Infraestructura Integrada de Microscopía Electrónica de Materiales (ELECMI);DISTRIBUIDAS;División de Microscopía Electrónica (DME-UCA);Universidad de Cádiz;ES.AN;18; -6.18889189477358;37.45946275981265;37.45946275981265, -6.188891894773587;"Facultad de Ciencias, Universidad de Cádiz
Campus de Puerto Real, 11510 Puerto Real, Cádiz.
";956 01 6453;dmeuca.elecmi@uca.es;https://elecmi.es/;https://www.uca.es/;https://www.ciencia.gob.es/Organismos-y-Centros/ICTS/Materiales/ELECMI/DME.html;https://www.ciencia.gob.es/.imaging/default/dam/WEB/No-rastreable/Im-genes-espec-ficas/ORGANISMOS-Y-CENTROS/ICTS/Materiales/ELECMI/ELECMI-DME/UCA_Instrumento.jpg/jcr:content.jpg;https://elecmi.es/protocolo-de-acceso/
45;COMUNIDAD VALENCIANA;Materiales;Red de Salas Blancas de Micro y Nano Fabricación (MICRONANOFABS);DISTRIBUIDAS;Infraestructura de Micro y Nano Fabricación del Centro de Tecnología Nano Fotónica (NF-CTN);Universitat Politècnica de València;ES.VC;18; -0.33798692208724;39.47835055889702;39.47835055889702, -0.33798692208724945;"Universitat Politècnica de València
Edificio 8F, Planta 2ª. Camino de Vera, s/n. 46022 Valencia.

";96 387 97 36;info-ntc@upv.es;https://micronanofabs.org/;https://ntc.webs.upv.es/;https://www.ciencia.gob.es/Organismos-y-Centros/ICTS/Materiales/MICRONANOFABS/NF-CTN.html;https://www.ciencia.gob.es/.imaging/default/dam/WEB/No-rastreable/Im-genes-espec-ficas/ORGANISMOS-Y-CENTROS/ICTS/Materiales/MICRONANOFABS/MICRONANOFABS-NF-CTN/NF-NTC_Micro.png/jcr:content.png;https://micronanofabs.org/acceso/
46;MADRID;Materiales;Red de Salas Blancas de Micro y Nano Fabricación (MICRONANOFABS);DISTRIBUIDAS;Central de Tecnología del Instituto de Sistemas Opto-electrónicos (CT-ISOM);Universidad Politécnica de Madrid;ES.MD;17; -3.7263909866578;40.4527828157929;40.4527828157929, -3.726390986657809;"ISOM, Universidad Politécnica de Madrid E. T. S. I. Telecomunicación (U. P. M.)
Edificio López Araújo, Avenida Complutense, 30. 28040 Madrid.";9106 72573;info@micronanofabs.org;https://micronanofabs.org/;http://www.isom.upm.es/inicio/;https://www.ciencia.gob.es/Organismos-y-Centros/ICTS/Materiales/MICRONANOFABS/CT-ISOM.html;https://www.ciencia.gob.es/.imaging/default/dam/WEB/No-rastreable/Im-genes-espec-ficas/ORGANISMOS-Y-CENTROS/ICTS/Materiales/MICRONANOFABS/MICRONANOFABS-CT-ISOM/Central-de-Tecnolog-a-del-Instituto-de-Sistemas-Opto-electr-nicos-de-la-UPM-CT-ISOM.jpg/jcr:content.jpg;https://micronanofabs.org/acceso/
47;CATALUÑA;Materiales;Red de Salas Blancas de Micro y Nano Fabricación (MICRONANOFABS);DISTRIBUIDAS;Sala Blanca Integrada de Micro y Nano Fabricación del Centro Nacional de Microelectrónica (SBCNM);Agencia Estatal Consejo Superior de Investigaciones Científicas (CSIC);ES.CT;18; 2.109971155696233;41.50227175799459;41.50227175799459, 2.109971155696233;"Campus Universitat Autònoma de Barcelona (UAB)
Carrer dels Til·lers. 08193 Cerdanyola del Vallès - Bellaterra, Barcelona.
";93 594 7700;info@imb-cnm.csic.es;https://micronanofabs.org/;https://www.imb-cnm.csic.es/es;https://www.ciencia.gob.es/Organismos-y-Centros/ICTS/Materiales/MICRONANOFABS/SBCNM.html;https://www.ciencia.gob.es/.imaging/default/dam/WEB/No-rastreable/Im-genes-espec-ficas/ORGANISMOS-Y-CENTROS/ICTS/Materiales/MICRONANOFABS/MICRONANOFABS-SBCNM/SBCNM_Edificio.jpg/jcr:content.jpg;https://micronanofabs.org/acceso/
48;CATALUÑA;Materiales;Sincrotrón ALBA (ALBA);LOCALIZACIÓN ÚNICA;Sincrotrón ALBA (ALBA);Consorcio para la construcción y explotación del Laboratorio de Luz Sincotrón (CELLS);ES.CT;18; 2.110702684531499;41.48630105894919;41.48630105894919, 2.1107026845314993;Carrer de la Llum 2-26. 08290 Cerdanyola del Vallès, Barcelona.;93 592 43 00/01;https://www.cells.es/es/contact-info;https://www.cells.es/es;https://www.cells.es/es;https://www.ciencia.gob.es/Organismos-y-Centros/ICTS/Materiales/ALBA.html;https://www.ciencia.gob.es/.imaging/default/dam/WEB/No-rastreable/Im-genes-espec-ficas/ORGANISMOS-Y-CENTROS/ICTS/Materiales/SincrotonALBA/ALBA_N2_interior/jcr:content.jpg;https://www.cells.es/en/users/applying-for-beam-time
49;MADRID;Tecnologías de la información y las comunicaciones;RedIRIS;RED DE ICTS;Red Académica y de Investigación Española (RedIRIS);Ministerio de Ciencia e Innovación (Entidad Pública Empresarial Red.es);ES.MD;17; -3.6940751154936;40.4480121589323;40.4480121589323, -3.6940751154936016;Edificio Bronce. Plaza Manuel Gómez Moreno, s/n, 2ª planta. 28020 Madrid.;91 212 76 20 /25;https://www.rediris.es/ayuda/contact.php?contact=web;https://www.rediris.es/;https://www.rediris.es/;https://www.ciencia.gob.es/Organismos-y-Centros/ICTS/TecnologiasCiencia/RedIRIS.html;https://www.ciencia.gob.es/.imaging/default/dam/WEB/No-rastreable/Im-genes-espec-ficas/ORGANISMOS-Y-CENTROS/ICTS/Tecnolog-as-de-la-Informaci-n-y-las-Comunicaciones/RedIRIS/RedIRIS_images.png/jcr:content.jpg;https://www.ciencia.gob.es/Organismos-y-Centros/ICTS/TecnologiasCiencia/RedIRIS.html
50;CATALUÑA;Tecnologías de la información y las comunicaciones;Red e-Ciencia;RED DE ICTS;Red Española de Supercomputación (RES) - MareNostrum y MinoTauro;"Barcelona Supercomputing Center - Centro Nacional de Supercomputación (BSC-CNS Barcelona)
";ES.CT;18; 2.115409084529140;41.39012930736616;41.39012930736616, 2.1154090845291407;"Barcelona Supercomputing Center. Carrer Jordi Girona, 31. 08034 Barcelona.
";93 413 77 16;support@bsc.es;https://www.res.es/;https://www.bsc.es/;https://www.ciencia.gob.es/Organismos-y-Centros/ICTS/TecnologiasCiencia/RES/MareNostrum_MinoTauro.html;https://www.ciencia.gob.es/.imaging/default/dam/WEB/No-rastreable/Im-genes-espec-ficas/ORGANISMOS-Y-CENTROS/ICTS/Tecnolog-as-de-la-Informaci-n-y-las-Comunicaciones/RES/RES-MareNostrum-y-MinoTauro/BSC_Image.jpg/jcr:content.jpg;https://www.res.es/es/acceso-a-la-res
51;ISLAS CANARIAS;Tecnologías de la información y las comunicaciones;Red e-Ciencia;RED DE ICTS;Red Española de Supercomputación (RES) - La Palma ;Instituto Astrofísico de Canarias (IAC);ES.CN;18; -16.3089257734067;28.47463974223977;28.47463974223977, -16.308925773406756;Calle Vía Láctea, s/n. 38205 La Laguna, Tenerife.;922 605 200; res_support@iac.es;https://www.res.es/;https://www.res.es/es/nodos-de-la-res/lapalma;https://www.ciencia.gob.es/Organismos-y-Centros/ICTS/TecnologiasCiencia/RES/La-Palma.html;https://www.ciencia.gob.es/.imaging/default/dam/WEB/No-rastreable/Im-genes-espec-ficas/ORGANISMOS-Y-CENTROS/ICTS/Tecnolog-as-de-la-Informaci-n-y-las-Comunicaciones/RES/RES---La-Palma-en-el-Instituto-Astrof-sico-de-Canarias--IAC-/IAC_Image.jpg/jcr:content.jpg;https://www.res.es/es/acceso-a-la-res
52;CANTABRIA;Tecnologías de la información y las comunicaciones;Red e-Ciencia;RED DE ICTS;Red Española de Supercomputación (RES) - Altamira ;Universidad de Cantabria (UC);ES.CB;18; -3.80225239267777;43.47165112367766;43.47165112367766, -3.8022523926777723;"Edificio Juan Jordá
Avenida de los Castros, s/n. 39005 Santander.";;res_support@ifca.unican.es;https://www.res.es/;https://ifca.unican.es/en-us;https://www.ciencia.gob.es/Organismos-y-Centros/ICTS/TecnologiasCiencia/RES/Altamira.html;https://www.ciencia.gob.es/.imaging/default/dam/WEB/No-rastreable/Im-genes-espec-ficas/ORGANISMOS-Y-CENTROS/ICTS/Tecnolog-as-de-la-Informaci-n-y-las-Comunicaciones/RES/RES-Altamira/UC_logo.png/jcr:content.png;https://www.res.es/es/acceso-a-la-res
53;COMUNIDAD VALENCIANA;Tecnologías de la información y las comunicaciones;Red e-Ciencia;RED DE ICTS;Red Española de Supercomputación (RES) - Tirant ; Universidad de Valencia (UV);ES.VC;19; -0.420037917172670;39.507324220619545;39.507324220619545, -0.42003791717267086;"Campus de Burjassot 
Calle Dr. Moliner, 50. 46100 Burjassot, Valencia.

 ";96 354 43 10 ;res_support@uv.es;https://www.res.es/;https://www.uv.es/uvweb/servei-informatica/ca/serveis/investigacio/xarxa-espanyola-supercomputacio-1285890289292.html;https://www.ciencia.gob.es/Organismos-y-Centros/ICTS/TecnologiasCiencia/RES/Tirant.html;https://www.ciencia.gob.es/.imaging/default/dam/WEB/No-rastreable/Im-genes-espec-ficas/ORGANISMOS-Y-CENTROS/ICTS/Tecnolog-as-de-la-Informaci-n-y-las-Comunicaciones/RES/RES-Tirant/TIRANT_Image.png/jcr:content.png;https://www.res.es/es/acceso-a-la-res
54;ANDALUCÍA;Tecnologías de la información y las comunicaciones;Red e-Ciencia;RED DE ICTS;Red Española de Supercomputación (RES) - Picasso;Universidad de Málaga (UMA);ES.AN;18; -4.55531524256407;36.73853002530627;36.73853002530627, -4.555315242564076;"
Parque Tecnológico de Andalucía, Edificio de Bioinnovación
Calle Severo Ochoa, 34. 29590 Málaga.

";951 952 790;res_support@res.uma.es;https://www.res.es/;https://www.scbi.uma.es/site/;https://www.ciencia.gob.es/Organismos-y-Centros/ICTS/TecnologiasCiencia/RES/Picasso.html;https://www.ciencia.gob.es/.imaging/default/dam/WEB/No-rastreable/Im-genes-espec-ficas/ORGANISMOS-Y-CENTROS/ICTS/Tecnolog-as-de-la-Informaci-n-y-las-Comunicaciones/RES/RES-Picasso/UMA_Image.jpg/jcr:content.jpg;https://www.res.es/es/acceso-a-la-res
55;ARAGÓN;Tecnologías de la información y las comunicaciones;Red e-Ciencia;RED DE ICTS;Red Española de Supercomputación (RES)- Caesaraugusta ; Universidad de Zaragoza (UNIZAR);ES.AR;19; -0.886991230806280;41.684748065819825;41.684748065819825, -0.8869912308062805;"Instituto de Biocomputación y Física de Sistemas Complejos (BIFI)
Mariano Esquillor, Edificio I + D
Campus Río Ebro.
50018 Zaragoza.";976762989;res_support@bifi.es;https://www.res.es/;https://www.bifi.es/es/;https://www.ciencia.gob.es/Organismos-y-Centros/ICTS/TecnologiasCiencia/RES/Caesaraugusta.html;https://www.ciencia.gob.es/.imaging/default/dam/WEB/No-rastreable/Im-genes-espec-ficas/ORGANISMOS-Y-CENTROS/ICTS/Tecnolog-as-de-la-Informaci-n-y-las-Comunicaciones/RES/RES-Caesaraugusta/CESAR_Image.jpg/jcr:content.jpg;https://www.res.es/es/acceso-a-la-res
56;CASTILLA Y LEÓN;Tecnologías de la información y las comunicaciones;Red e-Ciencia;RED DE ICTS;Red Española de Supercomputación (RES) - Caléndula ;Fundación Centro de Supercomputación de Castilla y León (SCAYLE);ES.CL;19; -5.558270923111923;42.611143268057084;42.611143268057084, -5.558270923111923;"Universidad de León. Edificio CRAI-TIC
Campus de Vegazana s/n. 24007 León.";987 293 160;res_support@scayle.es;https://www.res.es/;https://www.scayle.es/;https://www.ciencia.gob.es/Organismos-y-Centros/ICTS/TecnologiasCiencia/RES/Calendula.html;https://www.ciencia.gob.es/.imaging/default/dam/WEB/No-rastreable/Im-genes-espec-ficas/ORGANISMOS-Y-CENTROS/ICTS/Tecnolog-as-de-la-Informaci-n-y-las-Comunicaciones/RES/RES-Calendula/CALENDULA_Image.jpg/jcr:content.jpg;https://www.res.es/es/acceso-a-la-res
57;MADRID;Tecnologías de la información y las comunicaciones;Red e-Ciencia;RED DE ICTS;Red Española de Supercomputación (RES) - Cibeles ;Universidad Autónoma de Madrid (UAM);ES.MD;18; -3.69631742450567;40.54717921047251;40.54717921047251, -3.696317424505676;"Centro de Computación Científica
Universidad Autónoma de Madrid
Ciudad Universitaria de Cantoblanco.
28049 Madrid.";;res_support@uam.es;https://www.res.es/;https://www.ccc.uam.es/;https://www.ciencia.gob.es/Organismos-y-Centros/ICTS/TecnologiasCiencia/RES/Cibeles.html;https://www.ciencia.gob.es/.imaging/default/dam/WEB/No-rastreable/Im-genes-espec-ficas/ORGANISMOS-Y-CENTROS/ICTS/Tecnolog-as-de-la-Informaci-n-y-las-Comunicaciones/RES/RES-Cibeles/CIBELES_Image.jpg/jcr:content.jpg;https://www.res.es/es/acceso-a-la-res
58;EXTREMADURA;Tecnologías de la información y las comunicaciones;Red e-Ciencia;RED DE ICTS;Red Española de Supercomputación (RES) - Lusitania ;Fundación Computación y Tecnologías Avanzadas de Extremadura (COMPUTAEX);ES.EX;18; -6.32941068668087;39.47472147578559;39.47472147578559, -6.329410686680877;Carretera Nacional 521, Km 41,8. 10071 Cáceres.;927 049 070;https://www.cenits.es/contacto;https://www.res.es/;https://www.cenits.es/;https://www.ciencia.gob.es/Organismos-y-Centros/ICTS/TecnologiasCiencia/RES/Lusitania.html;https://www.ciencia.gob.es/.imaging/default/dam/WEB/No-rastreable/Im-genes-espec-ficas/ORGANISMOS-Y-CENTROS/ICTS/Tecnolog-as-de-la-Informaci-n-y-las-Comunicaciones/RES/RES-Lusitania/LUSITANIA_Image.jpg/jcr:content.jpg;https://www.res.es/es/acceso-a-la-res
59;GALICIA;Tecnologías de la información y las comunicaciones;Red e-Ciencia;RED DE ICTS;Red Española de Supercomputación (RES) - Finis Terrae ;Fundación Centro Tecnológico de Sdupercomputación de Galicia (CESGA);ES.GA;18; -8.55318150194093;42.87595615140628;42.87595615140628, -8.553181501940935;"Avenida de Vigo, s/n. 15705 Santiago de Compostela.
"; 981 56 98 10;info@cesga.gal;https://www.res.es/;https://www.cesga.es/;https://www.ciencia.gob.es/Organismos-y-Centros/ICTS/TecnologiasCiencia/RES/FinisTerrae.html;https://www.ciencia.gob.es/.imaging/default/dam/WEB/No-rastreable/Im-genes-espec-ficas/ORGANISMOS-Y-CENTROS/ICTS/Tecnolog-as-de-la-Informaci-n-y-las-Comunicaciones/RES/RES-FinisTerrae/Finisterrae3_Image.jpg/jcr:content.jpg;https://www.res.es/es/acceso-a-la-res
60;CATALUÑA;Tecnologías de la información y las comunicaciones;Red e-Ciencia;RED DE ICTS;Red Española de Supercomputación (RES) - Pirineus;Consorci de Serveis Universitaris de Catalunya (CSUC);ES.CT;18; 2.111841269186439;41.38747591736124;41.38747591736124, 2.1118412691864394;Edifici Nexus. Carrer del Gran Capità, 2. 08034 Barcelona.;93 205 6464;https://www.csuc.cat/es/contacta;https://www.res.es/;https://www.csuc.cat/es;https://www.ciencia.gob.es/Organismos-y-Centros/ICTS/TecnologiasCiencia/RES/Pirineus.html;https://www.ciencia.gob.es/.imaging/default/dam/WEB/No-rastreable/Im-genes-espec-ficas/ORGANISMOS-Y-CENTROS/ICTS/Tecnolog-as-de-la-Informaci-n-y-las-Comunicaciones/RES/RES-Pineus/Pineus_Image.jpg/jcr:content.jpg;https://www.res.es/es/acceso-a-la-res
61;NAVARRA;Tecnologías de la información y las comunicaciones;Red e-Ciencia;RED DE ICTS;Red Española de Supercomputación (RES) - Urederra ;Gobierno de Navarre (NASERTIC);ES.NA;19; -1.659907459613721;42.818009244568394;42.818009244568394, -1.6599074596137218;"Calle Orkoien, s/n. 31011 Pamplona.
";848 420 500; info@nasertic.es;https://www.res.es/;https://hpc.nasertic.es/;https://www.ciencia.gob.es/Organismos-y-Centros/ICTS/TecnologiasCiencia/RES/Urederra.html;https://www.ciencia.gob.es/.imaging/default/dam/WEB/No-rastreable/Im-genes-espec-ficas/ORGANISMOS-Y-CENTROS/ICTS/Tecnolog-as-de-la-Informaci-n-y-las-Comunicaciones/RES/RES_Urederra/UREDERRA_Image.jpg/jcr:content.jpg;https://www.res.es/es/acceso-a-la-res
62;MADRID;Tecnologías de la información y las comunicaciones;Red e-Ciencia;RED DE ICTS;Red Española de Supercomputación (RES) - Xula y Turgalium ;Centro de Investigaciones Energéticas, Medioambientales y Tecnológicas (CIEMAT);ES.MD;18; -3.72883024432909;40.45435353890083;40.45435353890083, -3.728830244329091;Avenida Complutense, 40. 28040 Madrid.;; res_support@ciemat.es;https://www.res.es/;https://www.ciemat.es/;https://www.ciencia.gob.es/Organismos-y-Centros/ICTS/TecnologiasCiencia/RES/Xula_Turgalium.html;https://www.ciencia.gob.es/.imaging/default/dam/WEB/No-rastreable/Im-genes-espec-ficas/ORGANISMOS-Y-CENTROS/ICTS/Tecnolog-as-de-la-Informaci-n-y-las-Comunicaciones/RES/RES-XulaTurgalium/XulaTurgalium_Image.jpg/jcr:content.jpg;https://www.res.es/es/acceso-a-la-res
63;CATALUÑA;Tecnologías de la información y las comunicaciones;Red e-Ciencia;RED DE ICTS;Red Española de Supercomputación (RES) - PIC ;"Centro de Investigaciones Energéticas, Medioambientales y Tecnológicas. Institut de Física 
d'Altes Energies (CIEMAT-IFAE)";ES.CT;19; 2.1039286998745226;41.502367063166105;41.502367063166105, 2.1039286998745226;Campus UAB. Carrer de l'Albareda Edifici D. 08193 Bellaterra, Cerdanyola del Vallès, Barcelona.;93 581 41 09;res-support@pic.es.;https://www.res.es/;https://www.pic.es/pic-included-in-the-updated-icts-map/;https://www.ciencia.gob.es/Organismos-y-Centros/ICTS/TecnologiasCiencia/RES/PIC.html;https://www.ciencia.gob.es/.imaging/default/dam/WEB/No-rastreable/Im-genes-espec-ficas/ORGANISMOS-Y-CENTROS/ICTS/Tecnolog-as-de-la-Informaci-n-y-las-Comunicaciones/RES/RES-PIC/PIC_Logo.jpg/jcr:content.jpg;https://www.res.es/es/acceso-a-la-res
64;ANDALUCÍA;Astronomía;Red de Infraestructuras de Astronomía (RIA);RED DE ICTS;Observatorio Astronómico de Calar Alto (CAHA);Centro Astronómico Hispano en Andalucía, A.I.E.;ES.AN;10; -2.547055;37.221321;37.221321, -2.547055;"
Sierra de los Filabres. 04550 Gérgal, Almería.";95 063 25 00;info@caha.es;http://www.caha.es/;http://www.caha.es/;https://www.ciencia.gob.es/Organismos-y-Centros/ICTS/AstronomiaAstrofisica/CAHA.html;https://www.ciencia.gob.es/.imaging/default/dam/WEB/No-rastreable/Im-genes-espec-ficas/ORGANISMOS-Y-CENTROS/ICTS/Astronom-a-y-Astrof-sica/CAHA/CAHA_N2_interior/jcr:content.jpg;http://www.caha.es/es/acceso-y-servicios/protocolos-de-accesos-y-comites
65;CASTILLA - LA MANCHA ;Astronomía;Red de Infraestructuras de Astronomía (RIA);RED DE ICTS;Observatorio de Yebes (OY);Ministerio de Fomento, DG del Instituto Geográfico Nacional (IGN);ES.CM;18; -3.08852115597083;40.52469605036593;40.52469605036593, -3.08852115597083;Cerro del Palera, s/n. 19141 Yebes, Guadalajara.;949 290 311;info_yebes@oan.es;https://astronomia.ign.es/web/guest/icts-yebes/acercade;https://astronomia.ign.es/web/guest/icts-yebes/acercade;https://www.ciencia.gob.es/Organismos-y-Centros/ICTS/AstronomiaAstrofisica/YEBES.html;https://www.ciencia.gob.es/.imaging/default/dam/WEB/No-rastreable/Im-genes-espec-ficas/ORGANISMOS-Y-CENTROS/ICTS/Astronom-a-y-Astrof-sica/YEBES/YEBES_N2_interior/jcr:content.jpg;https://astronomia.ign.es/web/guest/icts-yebes/servicios-cientificos
66;ISLAS CANARIAS;Astronomía;Red de Infraestructuras de Astronomía (RIA);RED DE ICTS;Gran Telescopio CANARIAS (GTC);Gran Telescopio CANARIAS, S.A. (GRANTECAN);ES.CN;18; -17.8917038723798;28.75625682879761;28.75625682879761, -17.891703872379853;Cuesta de San José, s/n. 38712 Breña Baja, La Palma.;922 425 720;gtc@gtc.iac.es;http://www.gtc.iac.es/;http://www.gtc.iac.es/;https://www.ciencia.gob.es/Organismos-y-Centros/ICTS/AstronomiaAstrofisica/GTC.html;https://www.ciencia.gob.es/.imaging/default/dam/WEB/No-rastreable/Im-genes-espec-ficas/ORGANISMOS-Y-CENTROS/ICTS/Astronom-a-y-Astrof-sica/GTC/GTC_N2_interior/jcr:content.jpg;http://www.gtc.iac.es/observing/calls.php
67;ARAGÓN;Astronomía;Red de Infraestructuras de Astronomía (RIA);LOCALIZACIÓN ÚNICA;Laboratorio Subterráneo de Canfranc (LSC);Consorcio para el equipamiento y la explotación del Laboratorio Subterráneo de Canfranc (LSC);ES.AR;19; -0.516378573108471;42.749375542002554;42.749375542002554, -0.516378573108471;Paseo de los Ayerbe, s/n. 22880 Canfranc Estación, Huesca.;974 373 474;info@lsc-canfranc.es;https://lsc-canfranc.es/;https://lsc-canfranc.es/;https://www.ciencia.gob.es/Organismos-y-Centros/ICTS/AstronomiaAstrofisica/LSC.html;https://www.ciencia.gob.es/.imaging/default/dam/WEB/No-rastreable/Im-genes-espec-ficas/ORGANISMOS-Y-CENTROS/ICTS/Astronom-a-y-Astrof-sica/LSC/LSC_N2_cabecera.jpg/jcr:content.jpg;https://lsc-canfranc.es/reglas-para-propuestas/
68;ARAGÓN;Astronomía;Red de Infraestructuras de Astronomía (RIA);RED DE ICTS;Observatorio Astrofísico de Javalambre (OAJ);Fundación Centro de Estudios de Física del Cosmos de Aragón (CEFCA);ES.AR;18; -1.10672431364652;40.34132249555962;40.34132249555962, -1.1067243136465243;"
Plaza San Juan, 1, 2ª Planta. 44001 Teruel.";978 22 12 66;http://oajweb.cefca.es/contact;http://oajweb.cefca.es/;http://oajweb.cefca.es/;https://www.ciencia.gob.es/Organismos-y-Centros/ICTS/AstronomiaAstrofisica/OAJ.html;https://www.ciencia.gob.es/.imaging/default/dam/WEB/No-rastreable/Im-genes-espec-ficas/ORGANISMOS-Y-CENTROS/ICTS/Astronom-a-y-Astrof-sica/OAJ/OAJabalambre_new_interior.jpg/jcr:content.jpg;http://oajweb.cefca.es/observingtime/applying_observing_time
69;ISLAS CANARIAS;Astronomía;Red de Infraestructuras de Astronomía (RIA);RED DE ICTS;Observatorios de Canarias (OOCC);Instituto de Astrofísica de Canarias (IAC);ES.CN;19; -16.30872711776610;28.475099949123845;28.475099949123845, -16.308727117766107;Calle Vía Láctea, s/n. 38205 San Cristóbal de La Laguna, Tenerife.;922 605 200/ 203 ;otai@iac.es ;https://www.iac.es/es/observatorios-de-canarias;https://www.iac.es/es/observatorios-de-canarias;https://www.ciencia.gob.es/Organismos-y-Centros/ICTS/AstronomiaAstrofisica/OOCC.html;https://www.ciencia.gob.es/.imaging/default/dam/WEB/No-rastreable/Im-genes-espec-ficas/ORGANISMOS-Y-CENTROS/ICTS/Astronom-a-y-Astrof-sica/OOCC/OOCC_N2_interior/jcr:content.jpg;http://research.iac.es/OOCC/observing-tools/useful-forms/
70;ANDALUCÍA;Astronomía;Red de Infraestructuras de Astronomía (RIA);RED DE ICTS;Radiotelescopio IRAM 30M (IRAM 30M);Instituto de Radioastronomía Milimétrica (IRAM);ES.AN;19; -3.602963044403969;37.184702712123745;37.184702712123745, -3.6029630444039693;Avenida Divina Pastora, 7, Núcleo Central E. 18012 Granada.;958 80 54 54;username@iram.es;https://www.iram-institute.org/;https://www.iram-institute.org/;https://www.ciencia.gob.es/Organismos-y-Centros/ICTS/AstronomiaAstrofisica/IRAM30m.html;https://www.ciencia.gob.es/.imaging/default/dam/WEB/No-rastreable/Im-genes-espec-ficas/ORGANISMOS-Y-CENTROS/ICTS/Astronom-a-y-Astrof-sica/IRAM30m/IRAM30m_N2_interior/jcr:content.jpg;https://www.iram-institute.org/EN/content-page-169-7-57-169-0-0.html
;;;;;;;;;;;;;;;;;;;
;;;;;;;;;;;;;;;;;;;
